data,filename
guru_ppad_001_oncard,guru_ppad_001_oncard.png
guru_ppad_002_oncard,guru_ppad_002_oncard.png
guru_ppad_003_oncard,guru_ppad_003_oncard.png
guru_ppad_004_oncard,guru_ppad_004_oncard.png
guru_ppad_005_oncard,guru_ppad_005_oncard.png
guru_ppad_006_oncard,guru_ppad_006_oncard.png
guru_ppad_007_oncard,guru_ppad_007_oncard.png
guru_ppad_008_oncard,guru_ppad_008_oncard.png
guru_ppad_009_oncard,guru_ppad_009_oncard.png
guru_ppad_010_oncard,guru_ppad_010_oncard.png
guru_ppad_011_oncard,guru_ppad_011_oncard.png
guru_ppad_012_oncard,guru_ppad_012_oncard.png
guru_ppad_013_oncard,guru_ppad_013_oncard.png
guru_ppad_014_oncard,guru_ppad_014_oncard.png
guru_ppad_015_oncard,guru_ppad_015_oncard.png
guru_ppad_016_oncard,guru_ppad_016_oncard.png
guru_ppad_017_oncard,guru_ppad_017_oncard.png
guru_ppad_018_oncard,guru_ppad_018_oncard.png
guru_ppad_019_oncard,guru_ppad_019_oncard.png
guru_ppad_020_oncard,guru_ppad_020_oncard.png
guru_ppad_021_oncard,guru_ppad_021_oncard.png
guru_ppad_022_oncard,guru_ppad_022_oncard.png
guru_ppad_023_oncard,guru_ppad_023_oncard.png
guru_ppad_024_oncard,guru_ppad_024_oncard.png
guru_ppad_025_oncard,guru_ppad_025_oncard.png
guru_ppad_026_oncard,guru_ppad_026_oncard.png
guru_ppad_027_oncard,guru_ppad_027_oncard.png
guru_ppad_028_oncard,guru_ppad_028_oncard.png
guru_ppad_029_oncard,guru_ppad_029_oncard.png
guru_ppad_030_oncard,guru_ppad_030_oncard.png
guru_ppad_031_oncard,guru_ppad_031_oncard.png
guru_ppad_032_oncard,guru_ppad_032_oncard.png
guru_ppad_033_oncard,guru_ppad_033_oncard.png
guru_ppad_034_oncard,guru_ppad_034_oncard.png
guru_ppad_035_oncard,guru_ppad_035_oncard.png
guru_ppad_036_oncard,guru_ppad_036_oncard.png
guru_ppad_037_oncard,guru_ppad_037_oncard.png
guru_ppad_038_oncard,guru_ppad_038_oncard.png
guru_ppad_039_oncard,guru_ppad_039_oncard.png
guru_ppad_040_oncard,guru_ppad_040_oncard.png
guru_ppad_041_oncard,guru_ppad_041_oncard.png
guru_ppad_042_oncard,guru_ppad_042_oncard.png
guru_ppad_043_oncard,guru_ppad_043_oncard.png
guru_ppad_044_oncard,guru_ppad_044_oncard.png
guru_ppad_045_oncard,guru_ppad_045_oncard.png
guru_ppad_046_oncard,guru_ppad_046_oncard.png
guru_ppad_047_oncard,guru_ppad_047_oncard.png
guru_ppad_048_oncard,guru_ppad_048_oncard.png
guru_ppad_049_oncard,guru_ppad_049_oncard.png
guru_ppad_050_oncard,guru_ppad_050_oncard.png
guru_ppad_051_oncard,guru_ppad_051_oncard.png
guru_ppad_052_oncard,guru_ppad_052_oncard.png
guru_ppad_053_oncard,guru_ppad_053_oncard.png
guru_ppad_054_oncard,guru_ppad_054_oncard.png
guru_ppad_055_oncard,guru_ppad_055_oncard.png
guru_ppad_056_oncard,guru_ppad_056_oncard.png
guru_ppad_057_oncard,guru_ppad_057_oncard.png
guru_ppad_058_oncard,guru_ppad_058_oncard.png
guru_ppad_059_oncard,guru_ppad_059_oncard.png
guru_ppad_060_oncard,guru_ppad_060_oncard.png
guru_ppad_061_oncard,guru_ppad_061_oncard.png
guru_ppad_062_oncard,guru_ppad_062_oncard.png
guru_ppad_063_oncard,guru_ppad_063_oncard.png
guru_ppad_064_oncard,guru_ppad_064_oncard.png
guru_ppad_065_oncard,guru_ppad_065_oncard.png
guru_ppad_066_oncard,guru_ppad_066_oncard.png
guru_ppad_067_oncard,guru_ppad_067_oncard.png
guru_ppad_068_oncard,guru_ppad_068_oncard.png
guru_ppad_069_oncard,guru_ppad_069_oncard.png
guru_ppad_070_oncard,guru_ppad_070_oncard.png
guru_ppad_071_oncard,guru_ppad_071_oncard.png
guru_ppad_072_oncard,guru_ppad_072_oncard.png
guru_ppad_073_oncard,guru_ppad_073_oncard.png
guru_ppad_074_oncard,guru_ppad_074_oncard.png
guru_ppad_075_oncard,guru_ppad_075_oncard.png
guru_ppad_076_oncard,guru_ppad_076_oncard.png
guru_ppad_077_oncard,guru_ppad_077_oncard.png
guru_ppad_078_oncard,guru_ppad_078_oncard.png
guru_ppad_079_oncard,guru_ppad_079_oncard.png
guru_ppad_080_oncard,guru_ppad_080_oncard.png
guru_ppad_081_oncard,guru_ppad_081_oncard.png
guru_ppad_082_oncard,guru_ppad_082_oncard.png
guru_ppad_083_oncard,guru_ppad_083_oncard.png
guru_ppad_084_oncard,guru_ppad_084_oncard.png
guru_ppad_085_oncard,guru_ppad_085_oncard.png
guru_ppad_086_oncard,guru_ppad_086_oncard.png
guru_ppad_087_oncard,guru_ppad_087_oncard.png
guru_ppad_088_oncard,guru_ppad_088_oncard.png
guru_ppad_089_oncard,guru_ppad_089_oncard.png
guru_ppad_090_oncard,guru_ppad_090_oncard.png
guru_ppad_091_oncard,guru_ppad_091_oncard.png
guru_ppad_092_oncard,guru_ppad_092_oncard.png
guru_ppad_093_oncard,guru_ppad_093_oncard.png
guru_ppad_094_oncard,guru_ppad_094_oncard.png
guru_ppad_095_oncard,guru_ppad_095_oncard.png
guru_ppad_096_oncard,guru_ppad_096_oncard.png
guru_ppad_097_oncard,guru_ppad_097_oncard.png
guru_ppad_098_oncard,guru_ppad_098_oncard.png
guru_ppad_099_oncard,guru_ppad_099_oncard.png
guru_ppad_100_oncard,guru_ppad_100_oncard.png